181362,LUBNA GAZAL
182497,UMER RAMZAN LONE 
182498,NAWAZ AHMAD NAIKOO
182499,SEERAT UL NISSA
182500,SHAKIR NAZIR BHAT
182501,IMRAN  RASHID 
182502,IMRAN AIJAZ BEIGH
182503,AFSHANA SHAFI
182504,SHIFALI NAZIR
182505,FARHAT NABI
182506,MOHD SALEEM PARAH
182507,NUZHAT YOUSUF
182508,NAZAKAT ALI
182509,SAIKA SHABIR WANI
182510,NASEER AHMAD LONE
182511,MEHREEN MUSHTAQ
182512,FAYEEM AHMAD TANTARY
182513,IRFAN ALI RATHER
182514,AZAD YOUSF AHANGER
182515,ZAHID MANZOOR DAR
182516,RABIA MOHID DIN
182517,UBAID QADIR
182518,FIRDOUS AHMAD LONE 
182519,ZAKIR BASHIR WANI
182520,SHAHNAWAZ QADIR AHANGAR
182521,RAQIB HAMID MALLA
182522,WASIM ALI GANAI
182523,UMER MAJID
182524,JAMSHEED RAMZAN
182525,MOHAMMAD MOHSIN MAJID
182526,SAQIB HAMID BHAT
182527,ANSTUM NISSA
182528,AASHAQ HUSSAIN BHAT
182529,TAWSEEF RAHMAN GANIE
182530,UMAR FAROOQ
182531,RUBEENA JAN
182532,MIR AADIL SHAFI
182533,MEHNAZA MOHI U DIN
182534,RAYEES AHMAD WAZA
182535,AARIF SHAFI AHANGER
182536,IRFAN AHMAD WANI
182537,WAQAR AHMAD LONE
182538,MUNAWAR BASHIR
182539,BASHARAT NAZIR
182540,GHUL A M HUSSAIN
182541,IQRA SHAFI
182542,MARIFAT JAN
182543,SHAMEEM AHMAD DAR
182544,INSHA MUSHTAQ
182545,SHEIKH INSHA BASHIR
182546,RABIYA RASHID
182547,SHAKOOR AHMAD QADRI
182548,SHAGOON KATHWARI
182549,TEHMEENA JAN
182550,MOHAMMAD IRFAN DAR
182551,AASIF BASHIR BHAT
182552,HUMIRA AKHTER
182553,FIRDOUS AHMAD RATHER
182554,GOWHAR ABDULLAH 
182555,SAWDAH BINTI LATEEF 
182556,AMIR MUSHTAQ
182557,UROJ MUSHTAQ
182558,JASRAH RIYAZ
182559,MEHRAJ U DIN GANAIE
182560,AABID YOUSUF
182561,ABIDA NAZIR
182562,SHAHID MOHI UD DIN WANI
182563,MAAID ALI BHAT
182564,NIDA QUDRAT WANI 
182565,AQSA ZAMIR
182566,NISAR AHMAD MIR
182567,AUQIB  HABIB MIR 
182568,FAYAZ AHMAD DAR
182569,KHALID FAROOQ GANAIE
182570,JALIB KHURSHEED BEIGH 
182571,AMIR SUHAIL 
182572,MOHSIN BASHIR
182573,RAFEENA BANO
182574,ZAHID FAROOQ DAR
182575,INSHA BASHIR WANI
182576,MOHSIN SHOWKAT
182577,MUSROOF AHMAD HAJAM
182578,SABAH FEROZE
182579,TEHFAZ UL ISLAM
182580,IFRAH
182581,UBAID ASHRAF
182582,FURQAN UL HAQ
182583,ADFAR HAMID  
182584,SEERAT MAQBOOL
182585,MUDASIR AHMAD
182586,IMRAN ASHRAF PEER
182587,BISMAH HAMID
182588,MOHAMMAD MURTAZA MAGRAY
182589,UZMA HASSAN
182590,MUNEERA QADIR
182591,BISMAH NAZAKATI FAROOKI
182592,SYED JUNEED INDRABI
182593,MOHMMAD IRFAN DAR
182594,JASIR BASHIR
182595,MUDASIR AHMAD WANI
182596,AAMIR YOUSUF
182597,SUHAIL LATEEF DAR
182598,AABID RAHIM
182599,YAWAR MAQBOOL DAR
182600,FAIZA JAN
182601,SAIMAH AKHTER
182602,MOHAMMAD YOUNIS KUMAR
182603,MOHAMMAD BURHAN
182604,UMER FAROOQ
182605,ABIDA QASIM 
182606,FATIMA MUSTUFA 
182607,SHOWKAT AHMAD MALIK
182608,MUZAMIL AHMAD BHAT
182609,GOWHAR AHMAD WANI
182610,AANISHA SHAFI
182611,MUDASIR AHMAD SHAH
182612,AAMIR HABIB LONE
182613,FARHAD AHMAD 
182614,MOHAMMAD SHAFI MIR
182615,MUBASHIR MASJEED SHEIKH
182616,AAQIB FAROOQ  DAR
182617,MAJID ABDULLAH MIR
182618,SHOWKAT AHMAD RATHER
182619,OWAIS QAYOOM DEVA
182620,ADAN ALTAF
182621,SAIMA AMIN
182622,ZAHID HUSSAIN MIR
182623,MARYAMA SHABIR 
182624,AASIF GUL WANI
182625,SHEIKH SALMAN FAROOQ
182626,ANDLEEB ZEHRA
182627,JAFIDA BANO
182628,FARHANA SHAFI 
182629,ARFAT BASHIR DAR
182630,NASEER AHMAD AHANGER
182631,RAJA MOHI UDDIN 
182632,SHUAIB BASHIR WANI
182633,SAHEEFA ZEHRA
182634,MEHREEN MUKHTAR
182635,BISMA BASHIR
182636,HAZIK BIN SHABIR
182637,SYED ILYAS 
182638,ZUBAIR AMIN
182639,ASMAT AKHTER
182640,UMER MAJEED MIR
182641, OWAIS NAZIR SHEIKH
182642,IRFAN HASSAN
182643,AADIL ALTAF RATHER
182644,AFSHANA GUL
182645,BISMA JAN
182646,SAJID SHAMUS U DIN
182647,MUDASIR HUSSAIN 
182648,FAISAL FAYAZ
182649,AAQIB YOUSUF DAR
182650,SHAISTA RAMZAN
182651,SADAF HASSAN
182652,MUSAIB NAZIR BHAT
182653,SALIYAH AHMAD PARAY
182654,IQRA ZAHOOR BABA
182655,MOHAMMAD ALTAF BHAT
182656,ABID BASHIR
182657,BILAL AHMAD HAJAM
182658,MOHD ZAHID BHAT
182659,SHAHID AHMAD BHAT
182660,SHAKEEL AHMAD MIR
182661,ISHFAQ AHMAD MALIK
182662,DAANISH
182663,AANISA MANZOOR
182664,PAKIZA ALTAF
182665,AARIF QAYOOM SHIEKH
182666,NEELOFAR BASHIR
182667,RAFIYA LATEEF 
182668,FAKIHA NAZIR
182669,ZUBAIR AHEMAD
182670,WANI MURTAZA RASHID
182671,MEHREEN SHABIR
182672,BISMA MUSHTAQ
182673,SHARIQ SHAMIM RAINA
182674,FAREEDA ROHANI 
182675,AB ROOF WANI
182676,ZUBAIR NAZIR 
182677,ZEESHAN AZIZ
182678,SYED SHAYISTA MUSHTAQ
182679,TAUSEEF AHMAD KHAN
182680,SAIMA BASHIR
